p1,p1,p2,p2,p3,p3,mean,mean,amax,amax,amin,amin,prod,prod
a,b,a,b,a,b,a,b,a,b,a,b,a,b
0.3,0.7,0.9,0.1,0.9,0.1,0.7000000000000001,0.3,0.9,0.7,0.3,0.1,0.24300000000000002,0.006999999999999999
0.2,0.8,0.9,0.1,0.1,0.9,0.39999999999999997,0.6,0.9,0.9,0.1,0.1,0.018000000000000002,0.07200000000000002
0.0,1.0,0.0,1.0,0.0,1.0,0.0,1.0,0.0,1.0,0.0,1.0,0.0,1.0
0.9,0.1,0.9,0.1,0.0,1.0,0.6,0.39999999999999997,0.9,1.0,0.0,0.1,0.0,0.010000000000000002
0.3,0.7,0.7,0.3,0.2,0.8,0.39999999999999997,0.6,0.7,0.8,0.2,0.3,0.042,0.168
